step,grad_norm,loss,param_norm,lr
0,0.682,0.088,1803.7705,2.4975024975024977e-08
100,0.5317,0.0602,1803.7704,2.5224775224775224e-06
200,0.462,0.0457,1803.7706,5.01998001998002e-06
300,0.4136,0.0345,1803.7709,7.517482517482517e-06
400,0.3884,0.0251,1803.7719,1.0014985014985015e-05
500,0.3549,0.0218,1803.7731,1.2512487512487512e-05
600,0.2721,0.0183,1803.7747,1.5009990009990008e-05
700,0.2503,0.0171,1803.7775,1.750749250749251e-05
800,0.2162,0.0141,1803.7803,2.0004995004995006e-05
900,0.2068,0.0155,1803.7841,2.2502497502497504e-05
1000,0.1836,0.014,1803.7888,2.5e-05
1100,0.1569,0.0121,1803.7943,2.4999339881310022e-05
1200,0.1506,0.0113,1803.8004,2.4997359602707947e-05
1300,0.1453,0.0103,1803.8059,2.4994059396588246e-05
1400,0.136,0.0101,1803.8112,2.498943965024474e-05
1500,0.1324,0.0093,1803.8171,2.4983500905825144e-05
1600,0.1271,0.009,1803.8229,2.4976243860267448e-05
1700,0.1316,0.01,1803.8289,2.4967669365218127e-05
1800,0.1168,0.0079,1803.8345,2.495777842693219e-05
1900,0.1206,0.0084,1803.84,2.49465722061551e-05
2000,0.1078,0.008,1803.8455,2.4934052017986546e-05
2100,0.1137,0.0081,1803.851,2.4920219331726126e-05
2200,0.1107,0.0071,1803.8562,2.4905075770700908e-05
2300,0.1145,0.0074,1803.8616,2.4888623112074914e-05
2400,0.107,0.0068,1803.8668,2.4870863286640582e-05
2500,0.0954,0.0062,1803.8724,2.485179837859217e-05
2600,0.1055,0.007,1803.8781,2.483143062528117e-05
2700,0.0988,0.0062,1803.8834,2.4809762416953737e-05
2800,0.0983,0.0069,1803.8885,2.4786796296470192e-05
2900,0.0983,0.0065,1803.894,2.47625349590066e-05
3000,0.0928,0.0058,1803.8992,2.4736981251738475e-05
3100,0.0839,0.0052,1803.9041,2.4710138173506672e-05
3200,0.0986,0.0062,1803.9097,2.4682008874465438e-05
3300,0.0873,0.0055,1803.9147,2.4652596655712732e-05
3400,0.0884,0.0054,1803.9193,2.4621904968902828e-05
3500,0.102,0.0059,1803.9249,2.458993741584126e-05
3600,0.0917,0.0053,1803.9297,2.455669774806211e-05
3700,0.0983,0.0057,1803.9354,2.4522189866387776e-05
3800,0.0968,0.0057,1803.9412,2.448641782047117e-05
3900,0.0922,0.0048,1803.9459,2.4449385808320478e-05
4000,0.09,0.0051,1803.9506,2.441109817580653e-05
4100,0.0865,0.005,1803.9559,2.4371559416152752e-05
4200,0.0921,0.0053,1803.9612,2.4330774169407894e-05
4300,0.0874,0.005,1803.9666,2.4288747221901502e-05
4400,0.0854,0.0049,1803.9712,2.4245483505682197e-05
4500,0.0857,0.0046,1803.9766,2.4200988097938904e-05
4600,0.0761,0.0044,1803.9818,2.4155266220405003e-05
4700,0.0869,0.0046,1803.9862,2.4108323238745537e-05
4800,0.0727,0.0044,1803.9902,2.4060164661927543e-05
4900,0.0793,0.0049,1803.995,2.4010796141573537e-05
5000,0.0827,0.0047,1803.9994,2.396022347129827e-05
5100,0.077,0.004,1804.0046,2.3908452586028823e-05
5200,0.0935,0.005,1804.0092,2.3855489561308126e-05
5300,0.0763,0.0041,1804.0142,2.3801340612581954e-05
5400,0.0777,0.0044,1804.0193,2.374601209446953e-05
5500,0.0835,0.0049,1804.024,2.3689510500017757e-05
5600,0.0806,0.0045,1804.0281,2.363184245993927e-05
5700,0.0748,0.0036,1804.0325,2.3573014741834258e-05
5800,0.0862,0.0044,1804.0371,2.3513034249396267e-05
5900,0.0773,0.004,1804.042,2.3451908021602024e-05
6000,0.0791,0.0045,1804.046,2.338964323188538e-05
6100,0.078,0.0045,1804.0505,2.332624718729548e-05
6200,0.0825,0.0048,1804.0555,2.3261727327639234e-05
6300,0.0707,0.0035,1804.0597,2.3196091224608243e-05
6400,0.0821,0.004,1804.0647,2.3129346580890216e-05
6500,0.0711,0.0037,1804.069,2.3061501229265017e-05
6600,0.0675,0.0034,1804.0737,2.299256313168548e-05
6700,0.0737,0.0038,1804.0775,2.2922540378343003e-05
6800,0.0717,0.0038,1804.0815,2.2851441186718162e-05
6900,0.0737,0.0037,1804.0856,2.2779273900616326e-05
7000,0.0772,0.0037,1804.09,2.2706046989188493e-05
7100,0.0751,0.0041,1804.0938,2.2631769045937396e-05
7200,0.0702,0.0034,1804.0978,2.2556448787709004e-05
7300,0.0624,0.003,1804.1024,2.248009505366957e-05
7400,0.0681,0.0032,1804.1062,2.2402716804268326e-05
7500,0.0801,0.0042,1804.1108,2.2324323120185913e-05
7600,0.0711,0.0035,1804.115,2.2244923201268734e-05
7700,0.0727,0.0039,1804.1194,2.216452636544932e-05
7800,0.0715,0.0038,1804.1237,2.2083142047652817e-05
7900,0.069,0.0036,1804.1268,2.2000779798689752e-05
8000,0.0658,0.0033,1804.1309,2.1917449284135225e-05
8100,0.0696,0.0034,1804.1343,2.183316028319458e-05
8200,0.0696,0.0032,1804.1387,2.1747922687555795e-05
8300,0.0691,0.0033,1804.1429,2.166174650022865e-05
8400,0.0642,0.003,1804.1467,2.1574641834370808e-05
8500,0.066,0.0031,1804.1506,2.1486618912101013e-05
8600,0.0653,0.0032,1804.1543,2.1397688063299464e-05
8700,0.0679,0.0033,1804.1577,2.1307859724395568e-05
8800,0.0637,0.003,1804.1613,2.1217144437143175e-05
8900,0.0685,0.0031,1804.1653,2.1125552847383455e-05
9000,0.0639,0.0031,1804.1685,2.1033095703795563e-05
9100,0.0649,0.0032,1804.1721,2.093978385663523e-05
9200,0.0585,0.0029,1804.1755,2.0845628256461447e-05
9300,0.064,0.0029,1804.1793,2.0750639952851358e-05
9400,0.0661,0.0029,1804.1831,2.065483009310355e-05
9500,0.0646,0.0028,1804.1859,2.055820992092986e-05
9600,0.0703,0.0031,1804.189,2.0460790775135888e-05
9700,0.0733,0.0033,1804.1925,2.0362584088290323e-05
9800,0.0684,0.0032,1804.1959,2.0263601385383297e-05
9900,0.0632,0.003,1804.1997,2.0163854282473863e-05
10000,0.0689,0.0033,1804.2028,2.00633544853268e-05
10100,0.0685,0.003,1804.2059,1.9962113788038904e-05
10200,0.0678,0.0033,1804.2094,1.986014407165487e-05
10300,0.069,0.0033,1804.2134,1.9757457302773032e-05
10400,0.0606,0.0029,1804.2166,1.965406553214101e-05
10500,0.0655,0.0027,1804.22,1.9549980893241494e-05
10600,0.0623,0.0024,1804.2231,1.944521560086836e-05
10700,0.0653,0.0029,1804.226,1.9339781949693163e-05
10800,0.0597,0.0025,1804.229,1.9233692312822342e-05
10900,0.0626,0.0027,1804.2322,1.912695914034516e-05
11000,0.0595,0.0024,1804.2352,1.901959495787264e-05
11100,0.063,0.003,1804.2388,1.8911612365067622e-05
11200,0.0648,0.0027,1804.2408,1.880302403416614e-05
11300,0.053,0.0023,1804.2434,1.8693842708490286e-05
11400,0.0669,0.0029,1804.2466,1.858408120095271e-05
11500,0.0534,0.0024,1804.25,1.8473752392552975e-05
11600,0.0597,0.0025,1804.2529,1.836286923086593e-05
11700,0.0663,0.0029,1804.2552,1.8251444728522226e-05
11800,0.0613,0.0026,1804.2584,1.813949196168124e-05
11900,0.0595,0.0023,1804.2609,1.8027024068496537e-05
12000,0.0626,0.0026,1804.2637,1.7914054247574042e-05
12100,0.0612,0.0024,1804.2659,1.7800595756423112e-05
12200,0.0605,0.0024,1804.2684,1.7686661909900747e-05
12300,0.06,0.0027,1804.2709,1.7572266078648983e-05
12400,0.0626,0.0026,1804.274,1.7457421687525832e-05
12500,0.0563,0.0022,1804.2771,1.7342142214029775e-05
12600,0.0572,0.0022,1804.2793,1.722644118671816e-05
12700,0.0594,0.0024,1804.2815,1.7110332183619527e-05
12800,0.0657,0.0028,1804.2841,1.6993828830640196e-05
12900,0.0564,0.0021,1804.2859,1.6876944799965184e-05
13000,0.0681,0.0026,1804.2877,1.6759693808453736e-05
13100,0.0531,0.0022,1804.2903,1.664208961602956e-05
13200,0.0587,0.002,1804.2931,1.6524146024066075e-05
13300,0.0571,0.0022,1804.2953,1.640587687376673e-05
13400,0.0549,0.0023,1804.2981,1.6287296044540687e-05
13500,0.0568,0.0022,1804.2998,1.6168417452374025e-05
13600,0.0648,0.0026,1804.3015,1.6049255048196604e-05
13700,0.0566,0.0023,1804.3037,1.5929822816244907e-05
13800,0.0673,0.0025,1804.3062,1.581013477242088e-05
13900,0.0618,0.0024,1804.3083,1.5690204962647143e-05
14000,0.057,0.0021,1804.3103,1.55700474612186e-05
14100,0.0587,0.0023,1804.3125,1.5449676369150812e-05
14200,0.0526,0.002,1804.3147,1.5329105812525122e-05
14300,0.062,0.0021,1804.3167,1.5208349940830939e-05
14400,0.0612,0.0025,1804.319,1.50874229253052e-05
14500,0.0553,0.0019,1804.3209,1.4966338957269347e-05
14600,0.0563,0.002,1804.3228,1.4845112246463888e-05
14700,0.0584,0.0019,1804.3248,1.4723757019380822e-05
14800,0.0582,0.0021,1804.3265,1.4602287517594118e-05
14900,0.0592,0.0023,1804.3281,1.4480717996088372e-05
15000,0.0585,0.0022,1804.33,1.4359062721585949e-05
15100,0.0565,0.0018,1804.3315,1.4237335970872699e-05
15200,0.0599,0.0021,1804.3335,1.4115552029122532e-05
15300,0.0541,0.002,1804.335,1.399372518822097e-05
15400,0.0627,0.0022,1804.3362,1.387186974508795e-05
15500,0.0547,0.0019,1804.3374,1.3749999999999999e-05
15600,0.0612,0.0024,1804.3395,1.3628130254912053e-05
15700,0.056,0.0019,1804.3409,1.3506274811779033e-05
15800,0.0522,0.0018,1804.3428,1.338444797087747e-05
15900,0.0564,0.002,1804.3444,1.3262664029127304e-05
16000,0.0531,0.0019,1804.3456,1.3140937278414054e-05
16100,0.0463,0.0016,1804.347,1.301928200391163e-05
16200,0.0581,0.0022,1804.3488,1.2897712482405883e-05
16300,0.0546,0.0019,1804.35,1.2776242980619179e-05
16400,0.0593,0.0021,1804.3517,1.2654887753536115e-05
16500,0.054,0.0017,1804.3528,1.2533661042730656e-05
16600,0.0538,0.0018,1804.354,1.2412577074694802e-05
16700,0.0503,0.0018,1804.3549,1.2291650059169068e-05
16800,0.0495,0.0017,1804.3562,1.2170894187474877e-05
16900,0.0597,0.0022,1804.3572,1.2050323630849189e-05
17000,0.0587,0.002,1804.3584,1.19299525387814e-05
17100,0.0486,0.0015,1804.3602,1.1809795037352862e-05
17200,0.0536,0.0016,1804.3613,1.168986522757912e-05
17300,0.0538,0.0018,1804.3627,1.1570177183755094e-05
17400,0.0525,0.0017,1804.3638,1.1450744951803397e-05
17500,0.0509,0.0015,1804.365,1.133158254762598e-05
17600,0.0492,0.0015,1804.3661,1.1212703955459316e-05
17700,0.0496,0.0015,1804.3674,1.1094123126233275e-05
17800,0.0526,0.0016,1804.3687,1.0975853975933929e-05
17900,0.0575,0.0019,1804.3698,1.085791038397044e-05
18000,0.0586,0.0019,1804.3706,1.0740306191546268e-05
18100,0.052,0.0017,1804.3718,1.0623055200034817e-05
18200,0.0569,0.0018,1804.3729,1.0506171169359805e-05
18300,0.0507,0.0015,1804.3737,1.0389667816380474e-05
18400,0.0483,0.0014,1804.3746,1.0273558813281843e-05
18500,0.0582,0.0018,1804.3756,1.0157857785970227e-05
18600,0.0508,0.0014,1804.3765,1.0042578312474172e-05
18700,0.0516,0.0015,1804.3772,9.927733921351018e-06
18800,0.0538,0.0016,1804.3783,9.813338090099256e-06
18900,0.0481,0.0014,1804.3796,9.699404243576889e-06
19000,0.0519,0.0014,1804.3802,9.585945752425963e-06
19100,0.0563,0.0015,1804.3809,9.472975931503466e-06
19200,0.0439,0.0013,1804.3815,9.36050803831876e-06
19300,0.0517,0.0017,1804.3822,9.248555271477778e-06
19400,0.0485,0.0012,1804.3828,9.137130769134071e-06
19500,0.0459,0.0013,1804.3834,9.026247607447022e-06
19600,0.0521,0.0015,1804.384,8.915918799047296e-06
19700,0.0541,0.0015,1804.385,8.806157291509717e-06
19800,0.0501,0.0014,1804.3854,8.696975965833865e-06
19900,0.0558,0.0016,1804.3861,8.588387634932382e-06
